profile_id,location_id,cts,name,city,cd,description
4519805.0,1178180.0,2016-06-09 22:13:32,la famiglia,"London, United Kingdom",GB,"Today has been fuelled by incredible meals (read: beige food), the best company and a bit of shopping. Not sure I want this birthday bubble to pop! Felt so ridiculously lucky РЮц№ИЈ #whereoliviawentlondon"
259484657.0,1178180.0,2019-05-30 23:17:22,la famiglia,"London, United Kingdom",GB,I love you baby and if itРђЎs quite alright oh Ella Curley I wrote this when I was pissed oh Ella Curley never go back to aus when i saaaaaaaaaaaaaaAy
6364796956.0,1178180.0,2019-05-26 15:27:27,la famiglia,"London, United Kingdom",GB,"#friendzoned ­ЪњЎ @lafamiglia.sw10 РађРађРађРађРађРађРађРађРађРађРађРађ РађРађРађРађРађРађ РађРађРађРађРађРађРађРађРађРађРађ\nРађРађРађРађРађРађ РађРађРађРађРађРађ РађРађРађРађРађРађ Рађ РађРађРађРађРађРађРађРађРађРађРађРађ РађРађРађРађРађРађРађРађLa Famiglia, Chelsea­ЪЊЇ­ЪЇЮ­ЪњФРађРађРађРађРађРађ РађРађРађРађРађРађ РађРађРађРађРађРађ РађРађРађРађРађРађ РађРађРађРађРађРађ РађРађРађРађРађРађ РађРађРађРађРађРађ РађРађРађРађРађРађ РађРађРађРађРађРађ РађРађРађРађРађРађ РађРађРађРађРађРађ РађРађРађРађРађРађ РађРађРађРађРађРађ Download @onezoneapp from the App Store for the smartest way to find & share cool places to eat & drink in London quickly & easily. Everything you need is in onezone.РађРађРађРађРађРађ РађРађРађРађРађРађ РађРађРађРађРађРађ РађРађРађРађРађРађ РађРађРађРађРађРађ РађРађРађРађРађРађ РађРађРађРађРађРађ РађРађРађРађРађРађ РађРађРађРађРађРађ РађРађРађРађРађРађ РађРађРађРађРађРађ РађРађРађРађРађРађ РађРађРађРађРађРађ#onezoneapp #zonedin #onezonelondon #designrestaurants #beautifulmatters #passionpassport #postitfortheaesthetics #italianfood #eastlondon #chelsea #burrata #toplondoneats #londonfood #londonlifestyle #dametraveller #explorelondon #londonfoodies #ldnbucketlist #iamatraveller #secretlondon #travelwithfathom #chasing_facades #wanderlust #postcardplaces #mydomaine #pastalovers # #luxurylondon #londonphotography #iglondon"
221389356.0,857670431.0,2019-05-30 21:41:15,green park,"London, United Kingdom",GB,S U M M E R ­ЪћюРўђ№ИЈ
624306558.0,857670431.0,2019-05-30 07:56:50,green park,"London, United Kingdom",GB,"TBT!! Only a few days ago, but what a vibe and what a race to be a part of ­ЪЎї huge respect to everyone that took part and thanks to @vitalitylondon10k for making it all happen! Super happy with my result & proud, once again to be representing my club @belgraveharriers much love and thanks for all your support ­ЪЎЈ #vitality10k #maurten_official  #belgraveharriers ­ЪЊи @jhmsport"
1143107040.0,857670431.0,2019-05-30 16:12:24,green park,"London, United Kingdom",GB,"samat hoodit, sama seura, eri vuodenaika ­ЪЄг­ЪЄДРЮц№ИЈ"
350473149.0,857670431.0,2019-05-29 22:00:25,green park,"London, United Kingdom",GB,"Curioso fue ver como a tu lado, \nfuiste capaz de hacerme sentir \nque no hay dos almas iguales \ny a la vez que no hay muchas\n que sean diferentes."
1523276560.0,857670431.0,2019-05-30 19:06:12,green park,"London, United Kingdom",GB,­Ъї▒
5705178378.0,857670431.0,2019-05-25 11:47:49,green park,"London, United Kingdom",GB,Hello London!\nРђб├ЌРђб├ЌРђб├ЌРђб├ЌРђб├ЌРђб├ЌРђб├ЌРђб├ЌРђб├ЌРђб├ЌРђб├ЌРђб├ЌРђб├ЌРђб├ЌРђб\n­ЪЇЃ~~\n#horse┬а#horses┬а#horseriding#horsesphoto┬а#horsestyle┬а#horsepics#horsephotos┬а#horsephotog#horseshooting┬а#horsesforlife┬а#horseforlifeРЮц№ИЈ\n­ЪЇЃ~~\nРђб├ЌРђб├ЌРђб├ЌРђб├ЌРђб├ЌРђб├ЌРђб├ЌРђб├ЌРђб├ЌРђб├ЌРђб├ЌРђб├ЌРђб├ЌРђб├ЌРђб\nCredit to owner
592486148.0,857670431.0,2019-05-03 11:54:37,green park,"London, United Kingdom",GB,"Рђю.. Alcuni di noi trovano impossibile lasciarsi andare, e non so se questo sia una maledizione o una benedizione. Eppure oggi ho guardato gli alberi..Avevano i rami sbattuti dalla tempesta e le foglie a brandelli, ma erano di nuovo pronti ad accogliere qualsiasi cosa: la luce del cielo sereno o la pioggia. E sembravano felici..РђЮ (Fabrizio Caramagna) | Green Park | London #uk #londra #london #greenpark #bnw #blackandwhite #bnwphotography #blackandwhitephotography #canon #canonitalia #canonofficial #canonwhatelse  #canonsecretgallery #metropolita #prettycitylondon #thisislondon #lovelondon #ilovelondon #timeoutlondon #totthenamcourtroad #photosoflondon #secretlondon #hiddenlondon #fotoluce #bwphotography #bw_addiction #bnw_photogroup #photoconcept_bnw"
